channel,count,mean,std,min,2.5%,50%,97.5%,max
facebook_s,200.0,4.127749123947689,0.8727777290527056,3.2609978736461276,3.2746072320435182,3.816374358698938,6.5986767788822185,6.94986625018183
ooh_s,200.0,8.784690354619114,2.94228879645799,6.45834532140443,6.591125020061159,7.938778568473708,17.526070009919618,21.94828084499662
print_s,200.0,9.912372849389094,0.7381200401530387,8.77714818654088,8.915790352049347,9.682247714659873,11.3727507215285,12.931891971251734
search_s,200.0,8.206672123403647,2.7287375067479855,5.95663906578211,6.096920025106097,7.316096741146922,15.992344955817515,18.95632530597968
tv_s,200.0,4.203764573429011,0.7765130300423284,3.5591550745047846,3.640124654445812,3.8060487233186246,6.280049144945258,6.449118641636774
