channel,chain,draw,roas
facebook_s,0.0,99.5,4.127749123947689
ooh_s,0.0,99.5,8.784690354619114
print_s,0.0,99.5,9.912372849389094
search_s,0.0,99.5,8.206672123403647
tv_s,0.0,99.5,4.203764573429011
